feature,ranking
at_over_act,20
dltt_over_invt_d,2
dltt_over_ppent_d,2
dltt_over_lt_d,2
dltt_over_lct_pd,2
dltt_over_sale_d,2
dltt_over_xsga_d,2
dltt_over_emp_d,2
dltt_over_mktcap,2
dltt_d_over_mktcap,2
dltt_pd_minus_pd_invt,2
dltt_pd_minus_pd_mktcap,2
ceq_over_act_d,2
seq_over_act,2
seq_d_over_invt,2
seq_d_over_dltt,2
seq_d_over_ceq,2
seq_d_over_xsga,2
seq_d_over_emp,2
icapt_over_lt_d,2
icapt_over_lct_d,2
icapt_over_xsga_d,2
icapt_d_over_act,2
icapt_d_over_invt,2
icapt_d_over_ppent,2
icapt_d_over_dltt,2
sale_over_ppent_d,2
sale_over_lct,2
sale_over_ceq,2
sale_over_xsga,2
cogs_over_invt_d,3
cogs_over_ppent_d,3
cogs_over_lt,3
cogs_over_lct,3
cogs_over_icapt_d,3
cogs_over_emp,3
xsga_over_invt,3
xsga_over_ppent_pd,3
xsga_over_lt_pd,3
xsga_over_lct_d,3
xsga_over_dltt,3
xsga_over_seq_d,3
xsga_over_sale_pd,3
xsga_over_emp_d,3
xsga_d_over_invt,3
xsga_d_over_ppent,3
xsga_d_over_dltt,3
emp_over_at_d,3
emp_over_act,3
emp_over_ppent_d,3
emp_over_lt_d,3
emp_over_lct_pd,3
emp_over_dltt,3
emp_over_ceq_pd,3
emp_over_icapt_d,3
emp_over_cogs_d,4
emp_over_xsga_d,4
emp_d_over_invt,4
acchg_over_invt,3
aco_over_invt,4
aco_over_invt_d,4
aco_over_ppent,4
aco_over_lt,4
aco_over_lct,4
aco_over_dltt_pd,4
aco_over_cogs,4
aco_over_xsga,4
aco_over_emp_d,4
aco_d_over_invt,4
aco_d_over_dltt,4
aco_pd_minus_pd_seq,4
acox_over_ppent_d,4
acox_over_lct_d,4
acox_over_dltt,4
acox_over_ceq_d,4
acox_over_seq,4
acox_over_cogs_d,4
acox_over_mktcap_pd,4
acox_d_over_ppent,4
acox_pd_minus_pd_icapt,4
acox_pd_minus_pd_sale,4
acox_pd_minus_pd_emp,4
am_pd,4
am_over_act_pd,4
am_over_invt,4
am_over_invt_d,4
am_over_lct_d,5
am_over_dltt,5
am_over_dltt_d,5
am_over_seq_d,5
am_over_xsga_d,5
am_over_emp_d,5
am_over_mktcap_d,5
am_d_over_dltt,5
am_pd_minus_pd_ceq,5
am_pd_minus_pd_cogs,5
am_pd_minus_pd_mktcap,5
ao_over_act_d,5
ao_over_invt_d,5
ao_over_ppent_d,5
ao_over_lt,5
ao_over_lt_d,5
ao_over_lct_d,5
ao_over_sale,4
ao_over_xsga_d,5
ao_over_emp_d,4
ao_d_over_invt,4
ao_d_over_dltt,4
aoloch_over_invt,4
aoloch_over_dltt,4
aoloch_over_dltt_d,4
aoloch_over_xsga,4
aoloch_d_over_invt,4
aoloch_d_over_xsga,4
aoloch_d_over_emp,5
aox,5
aox_over_icapt_pd,5
aox_over_cogs,5
aox_over_emp,5
aox_over_mktcap,5
aox_over_mktcap_d,5
aox_d_over_lct,5
aox_pd_minus_pd_invt,5
aox_pd_minus_pd_dltt,5
aox_pd_minus_pd_sale,5
ap_over_act,5
ap_over_invt,5
ap_over_lt,5
ap_over_dltt,5
ap_over_dltt_d,5
ap_over_ceq_d,5
ap_over_sale_d,6
ap_over_cogs,6
ap_over_cogs_d,6
ap_over_mktcap_d,5
ap_d_over_dltt,5
ap_d_over_xsga,5
ap_pd_minus_pd_dltt,5
ap_pd_minus_pd_xsga,5
apalch,5
apalch_over_dltt,5
apalch_over_cogs,6
apalch_over_xsga,6
apalch_d_over_dltt,6
apalch_d_over_cogs,6
apalch_d_over_xsga,6
aqc_over_invt,6
aqc_over_dltt,6
aqc_over_xsga,6
aqc_d_over_xsga,6
caps_over_at_d,6
caps_over_invt,6
caps_over_ppent,6
caps_over_ppent_pd,6
caps_over_dltt,6
caps_over_icapt_pd,6
caps_over_sale,5
caps_over_cogs_d,5
caps_over_mktcap_pd,5
caps_d_over_invt,5
caps_d_over_dltt,5
caps_pd_minus_pd_invt,5
caps_pd_minus_pd_lt,5
caps_pd_minus_pd_lct,5
capx_over_act,5
capx_over_dltt_d,5
capx_over_emp,5
capx_d_over_dltt,3
capxv_over_invt,3
capxv_over_ppent,2
ceql_over_ceq,6
ceql_over_ceq_pd,6
ceql_over_cogs,6
ceql_over_xsga_d,6
ceqt,6
ceqt_over_invt,7
ceqt_over_invt_d,7
ceqt_over_invt_pd,7
ceqt_over_ppent,7
ceqt_over_ppent_d,7
ceqt_over_lt,7
ceqt_over_lct_d,7
ceqt_over_dltt_pd,7
ceqt_over_icapt_pd,7
ceqt_over_sale,7
ceqt_over_sale_d,6
ceqt_over_sale_pd,7
ceqt_over_cogs_d,6
ceqt_over_xsga_d,6
ceqt_over_mktcap_d,6
ceqt_d_over_invt,6
ceqt_d_over_ppent,6
ceqt_pd_minus_pd_ppent,6
ceqt_pd_minus_pd_lt,6
ceqt_pd_minus_pd_ceq,6
ceqt_pd_minus_pd_xsga,6
ceqt_pd_minus_pd_emp,6
ch_over_invt,6
ch_over_ppent_d,6
ch_over_dltt_d,6
ch_over_seq_d,6
ch_over_cogs_d,6
ch_over_mktcap,6
ch_pd_minus_pd_lt,6
ch_pd_minus_pd_dltt,6
ch_pd_minus_pd_icapt,6
ch_pd_minus_pd_sale,6
che_over_at_d,6
che_over_ppent_d,6
che_over_lt_d,6
che_over_lct_d,6
che_over_dltt,6
che_over_seq,6
che_over_seq_pd,6
che_over_icapt_d,6
che_over_sale,7
che_over_cogs_d,6
che_over_xsga,6
che_over_xsga_d,6
che_over_emp_d,6
che_over_mktcap_d,6
che_d_over_act,6
che_d_over_invt,6
che_d_over_dltt,6
che_pd_minus_pd_sale,6
chech_over_invt,6
chech_over_lct,6
chech_over_dltt,6
chech_over_dltt_d,6
chech_d_over_act,6
chech_d_over_invt,6
cld2_over_invt,6
cld2_over_lt_d,6
cld2_over_lct_d,6
cld2_over_dltt,6
cld2_over_seq_d,6
cld2_over_sale_d,6
cld2_over_xsga,6
cld2_over_xsga_d,6
cld2_over_mktcap_d,7
cld2_d_over_xsga,7
cld3_over_at_d,7
cld3_over_act_d,7
cld3_over_ppent_d,7
cld3_over_lt_d,7
cld3_over_lct_d,7
cld3_over_ceq_d,7
cld3_over_sale_d,7
cld3_over_xsga_d,7
cld3_over_emp_d,7
cld3_over_mktcap_d,7
cld3_d_over_xsga,7
cld4_over_at_d,7
cld4_over_act_d,7
cld4_over_lt_d,7
cld4_over_dltt,7
cld4_over_ceq_d,7
cld4_over_cogs_d,7
cld4_over_xsga_d,7
cld4_d_over_icapt,7
cld5_over_invt,7
cld5_over_ceq_d,7
cld5_over_seq,7
cld5_over_cogs_d,7
cld5_over_xsga_d,7
cld5_over_emp_d,7
cld5_over_mktcap_d,7
cld5_d_over_ceq,7
cstk_over_at_d,7
cstk_over_invt,7
cstk_over_invt_d,7
cstk_over_ppent,7
cstk_over_ppent_pd,7
cstk_over_lct_d,7
cstk_over_ceq_d,7
cstk_over_ceq_pd,7
cstk_over_icapt_d,7
cstk_over_icapt_pd,7
cstk_over_sale,7
cstk_over_sale_d,7
cstk_over_emp_d,7
cstk_d_over_dltt,7
cstk_pd_minus_pd_act,7
cstk_pd_minus_pd_lt,7
cstk_pd_minus_pd_lct,7
cstk_pd_minus_pd_cogs,7
cstk_pd_minus_pd_emp,7
cstkcv_over_at_d,7
cstkcv_over_act_d,9
cstkcv_over_invt_d,7
cstkcv_over_invt_pd,7
cstkcv_over_ppent_pd,7
cstkcv_over_lct_d,8
cstkcv_over_dltt_d,8
cstkcv_over_seq_d,8
cstkcv_over_sale_d,8
cstkcv_over_cogs_d,8
cstkcv_over_xsga_d,8
cstkcv_over_mktcap,8
cstkcv_d_over_dltt,8
cstkcv_pd_minus_pd_dltt,8
cstke_over_invt_d,8
cstke_over_dltt_d,8
cstke_over_xsga,8
cstke_d_over_ceq,8
dc_over_at_d,8
dc_over_act_d,8
dc_over_invt,8
dc_over_ppent_d,8
dc_over_dltt,8
dc_over_dltt_d,8
dc_over_seq_d,8
dc_over_cogs_d,8
dc_over_xsga,8
dc_over_xsga_d,8
dc_over_emp_d,8
dc_over_mktcap_d,8
dc_d_over_xsga,8
dclo,8
dclo_over_act_d,8
dclo_over_invt_d,8
dclo_over_ppent_d,9
dclo_over_lt_d,9
dclo_over_dltt_d,9
dclo_over_seq_d,9
dclo_over_sale_d,9
dclo_over_emp_d,9
dcom_over_ppent,9
dcom_over_ppent_d,9
dcom_over_ceq_d,9
dcom_over_mktcap_d,9
dcom_d_over_invt,9
dcom_d_over_dltt,9
dcpstk_over_at_d,9
dcpstk_over_act_d,9
dcpstk_over_invt,9
dcpstk_over_invt_d,9
dcpstk_over_lt_d,9
dcpstk_over_lct_d,9
dcpstk_over_dltt_d,9
dcpstk_over_ceq,9
dcpstk_over_cogs_d,9
dcpstk_over_xsga_d,9
dcpstk_over_emp_d,9
dcpstk_d_over_mktcap,9
dcvsr_over_at_d,10
dcvsr_over_act_d,10
dcvsr_over_invt,10
dcvsr_over_invt_d,10
dcvsr_over_ppent_d,10
dcvsr_over_lt_d,10
dcvsr_over_lct_d,10
dcvsr_over_dltt,10
dcvsr_over_dltt_d,10
dcvsr_over_ceq_d,10
dcvsr_over_sale,10
dcvsr_over_cogs_d,10
dcvsr_over_xsga_d,10
dcvsr_over_emp_d,10
dcvsr_over_mktcap_d,10
dcvsub_over_invt,10
dcvsub_over_ppent_d,10
dcvsub_over_lt_d,10
dcvsub_over_lct_d,10
dcvsub_over_dltt,10
dcvsub_over_dltt_d,10
dcvsub_over_ceq_d,10
dcvsub_over_cogs_d,10
dcvsub_over_xsga,10
dcvsub_over_xsga_d,10
dcvsub_over_emp_d,8
dcvsub_over_mktcap_d,10
dcvsub_d_over_seq,10
dcvt_over_act_d,10
dcvt_over_invt,10
dcvt_over_invt_d,10
dcvt_over_ppent_d,10
dcvt_over_lt_d,10
dcvt_over_lct_d,10
dcvt_over_dltt_d,10
dcvt_over_ceq_d,10
dcvt_over_sale_d,10
dcvt_over_xsga,10
dcvt_over_xsga_d,10
dcvt_over_emp_d,10
dcvt_d_over_mktcap,10
dd_over_act_d,10
dd_over_invt,10
dd_over_invt_d,10
dd_over_ppent_d,10
dd_over_lt_d,10
dd_over_lct_d,10
dd_over_dltt,10
dd_over_dltt_d,10
dd_over_seq,10
dd_over_seq_d,10
dd_over_icapt_d,10
dd_over_cogs_d,10
dd_over_emp_d,10
dd_d_over_icapt,10
dd1_over_act_d,10
dd1_over_invt,10
dd1_over_invt_d,10
dd1_over_dltt,10
dd1_d_over_invt,9
dd1_d_over_dltt,9
dd1_pd_minus_pd_at,9
dd1_pd_minus_pd_dltt,9
dd1_pd_minus_pd_mktcap,9
dd2_over_dltt,9
dd2_over_mktcap_d,9
dd2_d_over_invt,9
dd2_d_over_xsga,9
dd2_pd_minus_pd_dltt,9
dd2_pd_minus_pd_sale,9
dd2_pd_minus_pd_mktcap,9
dd3_over_dltt,9
dd3_over_mktcap_d,9
dd3_pd_minus_pd_dltt,12
dd3_pd_minus_pd_icapt,9
dd4_over_invt_d,10
dd4_over_dltt,9
dd4_over_dltt_d,10
dd4_over_mktcap_d,10
dd5_over_sale_d,10
dd5_over_mktcap_d,10
dd5_d_over_invt,11
diladj_over_act_d,11
diladj_over_invt_d,11
diladj_over_lct_d,11
diladj_over_dltt,11
diladj_over_dltt_d,11
diladj_over_mktcap_d,11
dlc_over_dltt,11
dlc_pd_minus_pd_invt,11
dlc_pd_minus_pd_dltt,11
dlcch,11
dltis_over_invt,11
dltis_over_dltt,11
dltis_over_emp,11
dlto_over_act_d,11
dlto_over_invt,11
dlto_over_invt_d,11
dlto_over_seq_d,11
dlto_over_icapt,11
dlto_over_sale_d,11
dlto_over_mktcap_d,11
dlto_d_over_invt,11
dlto_d_over_dltt,11
dlto_pd_minus_pd_dltt,11
dlto_pd_minus_pd_icapt,11
dlto_pd_minus_pd_mktcap,11
dltp_over_act_d,11
dltp_over_invt,11
dltp_over_invt_d,11
dltp_over_dltt_d,11
dltp_over_icapt_d,11
dltp_over_mktcap_d,11
dltp_d_over_invt,11
dltp_d_over_dltt,11
dltr_over_invt,11
dltr_over_dltt,11
dltr_d_over_invt,11
dltr_pd_minus_pd_invt,11
dltr_pd_minus_pd_dltt,11
dltr_pd_minus_pd_mktcap,11
dm_over_act_d,11
dm_over_invt,11
dm_over_invt_d,11
dm_over_lt_d,11
dm_over_cogs_d,11
dm_over_mktcap_pd,11
dm_pd_minus_pd_dltt,11
dm_pd_minus_pd_icapt,11
dm_pd_minus_pd_emp,11
dn_over_act_d,11
dn_over_invt,11
dn_over_ppent_d,11
dn_over_lct_d,11
dn_over_dltt,12
dn_over_dltt_d,12
dn_over_icapt_d,12
dn_over_cogs_d,12
dn_over_xsga_d,12
dn_over_emp_d,12
dn_over_mktcap,12
do_over_dltt_d,12
do_over_icapt,12
do_d_over_seq,12
donr_over_dltt,13
donr_over_dltt_d,13
donr_d_over_invt,13
dp_over_act,13
dp_over_lt,13
dp_over_lct,13
dp_over_seq,13
dp_over_seq_pd,13
dp_over_cogs,13
dp_over_cogs_d,13
dp_over_emp_d,13
dp_d_over_invt,13
dp_pd_minus_pd_lt,13
dp_pd_minus_pd_xsga,13
dpact_pd,13
dpact_over_invt_pd,13
dpact_over_ppent_d,13
dpact_over_lt_d,13
dpact_over_dltt,15
dpact_over_dltt_d,13
dpact_over_xsga_pd,13
dpact_d_over_invt,13
dpact_d_over_dltt,13
dpc_over_invt,13
dpc_over_invt_d,13
dpc_over_icapt,13
dpc_over_sale,13
dpc_over_emp_pd,13
dpc_d_over_ppent,13
dpc_pd_minus_pd_sale,13
dpvieb_over_act_d,13
dpvieb_over_invt,13
dpvieb_over_lct,13
dpvieb_over_ceq,13
dpvieb_over_cogs_d,13
dpvieb_over_emp_d,13
dpvieb_d_over_emp,13
drc_over_act_d,13
drc_over_invt,13
drc_over_invt_d,13
drc_over_ppent_d,12
drc_over_lt_d,12
drc_over_lct_d,12
drc_over_dltt,12
drc_over_dltt_d,12
drc_over_sale_d,12
drc_over_cogs_d,12
drc_over_xsga_d,12
drc_over_emp_d,12
drc_over_mktcap_d,12
drc_d_over_invt,12
drlt_over_ppent_d,12
drlt_over_dltt,14
drlt_over_icapt_d,14
drlt_over_sale,14
drlt_over_xsga_d,14
drlt_over_emp_d,14
drlt_d_over_invt,14
drlt_d_over_dltt,14
ds_over_at_d,14
ds_over_act_d,14
ds_over_invt,14
ds_over_ppent_d,14
ds_over_lt_d,14
ds_over_lct_d,14
ds_over_dltt,14
ds_over_dltt_d,14
ds_over_seq_d,14
ds_over_icapt_d,14
ds_over_sale_d,14
ds_over_xsga_d,14
ds_over_emp_d,14
ds_over_mktcap,14
ds_over_mktcap_d,14
ds_d_over_seq,14
dudd_over_invt_d,14
dudd_over_lt_d,14
dudd_over_lct_d,14
dudd_over_dltt,14
dudd_over_dltt_d,14
dudd_over_cogs_d,14
dudd_over_xsga,14
dudd_over_xsga_d,14
dudd_over_mktcap_d,14
dv_over_at_d,14
dv_over_act_d,14
dv_over_ppent_d,14
dv_over_lt_d,14
dv_over_lct_d,14
dv_over_dltt,14
dv_over_dltt_d,14
dv_over_seq_d,14
dv_over_sale_d,14
dv_over_xsga_d,14
dv_over_emp_d,14
dv_over_mktcap_d,14
dv_d_over_xsga,14
dvc_over_invt,14
dvc_over_invt_d,14
dvc_over_sale_d,16
dvp_over_at_d,14
dvp_over_ppent_d,14
dvp_over_lt_d,14
dvp_over_lct_d,14
dvp_over_cogs_d,14
dvp_over_xsga_d,15
dvp_over_emp_d,15
dvp_over_mktcap_d,15
dvp_d_over_xsga,15
dvpa_over_act,15
dvpa_over_invt,15
dvpa_over_lct_d,15
dvpa_over_ceq,15
dvpa_over_sale,15
dvpa_over_xsga,15
dvpa_over_emp,15
dvpa_over_emp_d,15
dvpa_d_over_invt,15
dvpa_d_over_ceq,15
dvpa_d_over_seq,15
dvpa_d_over_mktcap,15
dvt_over_at_d,15
dvt_over_act_d,15
dvt_over_ppent_d,15
dvt_over_lt_d,15
dvt_over_lct_d,15
dvt_over_dltt_d,15
dvt_over_ceq_d,15
dvt_over_seq,15
dvt_over_icapt_d,15
dvt_over_cogs_d,15
dvt_over_xsga_d,15
dvt_over_emp_d,15
dvt_d_over_xsga,15
dxd2_over_invt,15
dxd2_over_invt_d,15
dxd2_over_dltt,15
dxd2_over_dltt_d,15
dxd2_over_ceq_d,15
dxd2_over_mktcap,15
dxd2_over_mktcap_d,15
dxd2_d_over_ceq,15
dxd3_over_invt,15
dxd3_over_ppent_d,15
dxd3_over_dltt,15
dxd3_over_dltt_d,15
dxd3_over_ceq_d,15
dxd3_d_over_invt,15
dxd4_over_invt,15
dxd4_over_dltt_d,15
dxd4_over_ceq_d,15
dxd4_over_mktcap,15
dxd4_over_mktcap_d,15
dxd4_d_over_invt,15
dxd5_over_invt,15
dxd5_over_invt_d,15
dxd5_over_lct_d,15
dxd5_over_dltt_d,15
dxd5_over_xsga,15
dxd5_over_mktcap_d,15
dxd5_d_over_seq,15
ebit_pd,15
ebit_over_invt_d,15
ebit_over_invt_pd,15
ebit_over_ppent_d,15
ebit_over_lt_d,15
ebit_over_lct_d,15
ebit_over_dltt_d,15
ebit_over_xsga_d,15
ebit_d_over_invt,15
ebit_d_over_dltt,15
ebitda_over_dltt,15
ebitda_over_dltt_pd,15
ebitda_over_cogs,15
ebitda_over_emp,15
ebitda_over_mktcap_pd,15
ebitda_pd_minus_pd_act,15
ebitda_pd_minus_pd_ppent,15
ebitda_pd_minus_pd_lct,15
ebitda_pd_minus_pd_seq,15
ebitda_pd_minus_pd_icapt,15
ebitda_pd_minus_pd_sale,15
esopct_over_act_d,15
esopct_over_invt,15
esopct_over_invt_d,14
esopct_over_ppent_d,15
esopct_over_lt_d,13
esopct_over_lct_d,11
esopct_over_dltt_d,11
esopct_over_seq_d,11
esopct_over_cogs_d,11
esopnr_over_act,11
esopnr_over_invt_d,11
esopnr_over_ppent_d,11
esopnr_over_lct_d,8
esopnr_over_dltt_d,11
esopnr_over_ceq,16
esopnr_over_seq_d,16
esopnr_over_icapt,16
esopnr_over_icapt_d,16
esopnr_over_sale,16
esopnr_over_cogs_d,16
esopnr_over_xsga_d,16
esopnr_over_emp,16
esopnr_over_emp_d,16
esopnr_over_mktcap_d,16
esopnr_d_over_invt,16
esopnr_d_over_dltt,16
esopnr_d_over_sale,16
esopr_over_at_d,16
esopr_over_invt,16
esopr_over_ppent_d,16
esopr_over_lt_d,16
esopr_over_lct_d,16
esopr_over_dltt,16
esopr_over_dltt_d,16
esopr_over_cogs_d,16
esopr_over_xsga,16
esopr_over_mktcap,16
esopr_d_over_at,16
esopr_d_over_invt,16
esopr_d_over_dltt,16
esopt_over_at_d,11
esopt_over_act,11
esopt_over_ppent,11
esopt_over_lt,16
esopt_over_lt_d,16
esopt_over_lct_d,16
esopt_over_dltt,16
esopt_over_dltt_d,16
esopt_over_ceq,16
esopt_over_icapt,16
esopt_over_sale,16
esopt_over_emp,16
esopt_over_emp_d,16
esopt_d_over_dltt,16
esub_over_invt_d,16
esub_over_dltt_d,16
esub_over_seq_d,16
esub_over_cogs_d,16
esub_over_emp,16
esub_over_mktcap_d,16
esub_d_over_dltt,16
esubc_over_invt_d,16
esubc_over_dltt_d,16
esubc_over_emp,11
esubc_over_mktcap_d,16
exre_over_invt,16
exre_over_invt_d,16
exre_over_dltt,16
exre_over_seq_d,16
exre_d_over_dltt,16
fatb_over_at_d,17
fatb_over_act_d,17
fatb_over_invt,17
fatb_over_invt_d,17
fatb_over_ppent_d,17
fatb_over_lt_d,17
fatb_over_lct_d,17
fatb_over_dltt,17
fatb_over_dltt_d,17
fatb_over_ceq_d,17
fatb_over_icapt_d,17
fatb_over_sale_d,17
fatb_over_emp_d,17
fatb_over_mktcap_d,17
fatb_d_over_dltt,17
fatc_over_act_d,17
fatc_over_invt,17
fatc_over_invt_d,17
fatc_over_lt_d,17
fatc_over_dltt_d,17
fatc_over_ceq_d,17
fatc_over_xsga_d,17
fatc_over_mktcap,17
fatc_over_mktcap_d,17
fatc_d_over_ceq,17
fate,17
fate_pd,17
fate_over_act_pd,17
fate_over_ppent,16
fate_over_ppent_d,16
fate_over_lt_d,16
fate_over_lct,16
fate_over_dltt,16
fate_over_seq,16
fate_over_seq_pd,16
fate_over_sale,16
fate_over_sale_pd,16
fate_over_emp,17
fate_over_emp_d,17
fate_over_mktcap_pd,17
fate_d_over_dltt,17
fate_d_over_sale,17
fate_d_over_xsga,17
fate_d_over_mktcap,17
fate_pd_minus_pd_dltt,17
fatl_over_invt,17
fatl_over_ppent_d,17
fatl_over_dltt,17
fatl_over_seq_d,17
fatl_over_icapt_d,17
fatl_over_sale,17
fatl_over_sale_pd,16
fatl_over_mktcap_pd,17
fatl_d_over_dltt,18
fatl_pd_minus_pd_lct,18
fatn_over_at_d,18
fatn_over_invt,18
fatn_over_invt_d,18
fatn_over_lt,18
fatn_over_lt_d,18
fatn_over_dltt,18
fatn_over_dltt_d,18
fatn_over_seq_d,18
fatn_over_icapt_d,18
fatn_over_xsga,18
fatn_over_mktcap_d,18
fatn_d_over_dltt,18
fato_over_at_d,18
fato_over_invt,18
fato_over_ppent_d,18
fato_over_lt_d,18
fato_over_lct_d,18
fato_over_dltt,18
fato_over_icapt_d,18
fato_over_sale_d,18
fato_over_cogs_d,18
fato_over_emp_d,17
fato_over_mktcap,17
fato_over_mktcap_d,17
fato_d_over_invt,17
fato_d_over_lct,17
fato_d_over_dltt,17
fatp_over_at_d,17
fatp_over_act_d,17
fatp_over_invt,17
fatp_over_invt_d,17
fatp_over_ppent_d,17
fatp_over_lt_d,17
fatp_over_dltt,17
fatp_over_ceq_d,17
fatp_over_icapt_d,17
fatp_over_sale_d,17
fatp_over_xsga_d,17
fatp_over_emp_d,18
fiao_over_dltt_d,18
fiao_over_mktcap,18
fiao_over_mktcap_d,18
fincf_over_invt,18
fincf_d_over_lt,18
fincf_d_over_dltt,19
fopo_over_invt,19
fopo_over_invt_d,19
fopo_over_lt_d,19
fopo_over_icapt_d,19
fopo_over_sale,19
fopo_over_sale_d,19
fopo_over_xsga,19
fopo_over_xsga_d,19
fopo_over_mktcap,19
fopo_over_mktcap_d,19
fopo_d_over_dltt,19
fopo_pd_minus_pd_invt,19
fopo_pd_minus_pd_icapt,19
fopo_pd_minus_pd_mktcap,19
fopox,19
fopox_over_ppent_d,19
fopox_over_lt_d,19
fopox_over_dltt,19
fopox_over_dltt_d,19
fopox_over_dltt_pd,19
fopox_over_icapt_d,19
fopox_over_xsga_d,19
fopox_over_mktcap_d,19
fopox_d_over_dltt,19
fopox_pd_minus_pd_invt,19
fopox_pd_minus_pd_lct,19
fopox_pd_minus_pd_icapt,19
gdwl_pd,18
gdwl_over_act_pd,19
gdwl_over_invt_d,18
gdwl_over_ppent_pd,18
gdwl_over_lt_pd,18
gdwl_over_lct_pd,18
gdwl_over_dltt_pd,18
gdwl_over_icapt_d,18
gdwl_over_sale,18
gdwl_over_cogs_pd,18
gdwl_over_xsga_d,18
gdwl_over_emp_pd,18
gdwl_d_over_invt,18
gdwl_d_over_dltt,18
gdwl_pd_minus_pd_ceq,18
gp_over_at_pd,18
gp_over_act_pd,18
gp_over_invt,18
gp_over_invt_d,18
gp_over_lct,18
gp_over_lct_pd,18
gp_over_dltt_d,18
gp_over_ceq_d,19
gp_over_icapt_d,19
gp_d_over_invt,19
gp_d_over_ppent,19
gp_d_over_dltt,19
gp_d_over_emp,19
gp_pd_minus_pd_ppent,19
ibcom_over_xsga_d,19
idit_over_ppent_d,19
idit_over_lt_d,19
idit_over_icapt_d,19
idit_over_sale,19
idit_over_cogs_d,19
idit_over_mktcap_d,19
intan_over_act_d,19
intan_over_ppent_d,19
intan_over_lt_d,19
intan_over_lct_d,19
intan_over_dltt_pd,19
intan_over_seq_d,19
intan_over_icapt_d,19
intan_over_xsga_d,19
intan_over_emp_d,19
intan_d_over_icapt,19
intan_pd_minus_pd_ceq,19
intc_over_invt_d,19
intc_over_lct,19
intc_over_lct_d,19
intc_over_dltt_d,19
intc_over_seq_d,19
intc_over_cogs_d,19
intc_over_xsga,19
intc_over_mktcap_d,19
intc_d_over_ceq,19
intpn_over_act_d,19
intpn_over_invt,19
intpn_over_invt_d,19
intpn_over_invt_pd,19
intpn_over_ppent,19
intpn_over_lct_d,19
intpn_over_dltt,19
intpn_over_seq_d,19
intpn_over_xsga,19
intpn_over_xsga_d,19
intpn_over_xsga_pd,19
intpn_over_mktcap,19
intpn_over_mktcap_pd,19
intpn_d_over_invt,19
intpn_d_over_dltt,19
intpn_d_over_mktcap,19
intpn_pd_minus_pd_at,19
intpn_pd_minus_pd_dltt,19
intpn_pd_minus_pd_cogs,19
invch_over_ppent,18
invch_d_over_cogs,18
invfg_over_act_d,18
invfg_over_ppent_d,18
invfg_over_lct_d,18
invfg_over_dltt,18
invfg_over_seq_d,18
invfg_over_icapt_d,18
invfg_over_cogs_d,18
invfg_over_xsga_d,18
invfg_over_emp_d,18
invfg_over_mktcap_d,18
invfg_d_over_sale,18
invo_over_act_d,17
invo_over_ppent_d,17
invo_over_lct_d,16
invo_over_seq_d,8
invo_over_mktcap_d,8
invo_d_over_ceq,8
invrm,8
invrm_over_ppent_d,8
invrm_over_lct_d,8
invrm_over_dltt,8
invrm_over_cogs,8
invrm_over_cogs_d,8
invrm_over_xsga_d,8
invrm_over_emp_d,8
invrm_d_over_dltt,5
invwip_over_act_d,5
invwip_over_ppent_d,5
invwip_over_lt_d,5
invwip_over_dltt,5
invwip_over_seq_d,5
invwip_over_sale_d,5
itcb_over_invt_d,2
itcb_over_lct_d,2
itcb_over_dltt_d,3
itcb_over_ceq,3
itcb_over_ceq_d,3
itcb_over_sale,3
itcb_over_xsga_d,4
itcb_over_emp_d,6
itcb_d_over_invt,4
itcb_d_over_dltt,5
itcb_d_over_xsga,5
itci_over_lt_d,4
itci_over_sale,5
itci_over_cogs_d,5
itci_over_emp_d,4
itci_d_over_act,4
ivaco_over_invt_d,3
ivaco_over_dltt_d,3
ivaco_over_ceq,3
ivaco_over_sale_d,3
ivaco_d_over_dltt,3
ivaeq_over_at_d,3
ivaeq_over_act_d,3
ivaeq_over_invt_d,3
ivaeq_over_ppent_d,3
ivaeq_over_lct_d,3
ivaeq_over_dltt,4
ivaeq_over_dltt_d,3
ivaeq_over_sale_d,3
ivaeq_over_xsga,3
ivaeq_over_xsga_d,3
ivaeq_d_over_xsga,3
ivao_over_at_d,3
ivao_over_invt,3
ivao_over_invt_d,3
ivao_over_ppent_d,3
ivao_over_lct_d,3
ivao_over_ceq_d,3
ivao_over_sale_d,5
ivao_over_xsga_d,5
ivao_over_emp_d,5
ivao_over_mktcap_d,5
ivao_d_over_dltt,20
ivao_d_over_xsga,20
ivch_over_invt,20
ivch_over_dltt,20
ivch_over_dltt_d,20
ivch_over_emp_d,20
ivch_over_mktcap,20
ivch_over_mktcap_d,3
ivch_d_over_invt,20
ivch_d_over_dltt,4
ivncf_over_invt,5
ivncf_over_dltt,5
ivncf_over_dltt_d,5
ivncf_over_sale,5
ivncf_d_over_invt,20
ivncf_d_over_ppent,20
ivncf_d_over_dltt,20
ivst_over_invt,20
ivst_over_invt_d,20
ivst_over_ppent_d,20
ivst_over_dltt_d,20
ivst_over_seq_d,20
ivst_over_cogs_d,20
ivst_over_xsga_d,20
ivst_over_mktcap_d,20
ivst_d_over_invt,20
ivst_d_over_dltt,20
ivst_d_over_icapt,20
ivstch_over_dltt,20
lco_over_act,20
lco_over_lt,20
lco_over_lct_d,20
lco_over_dltt,20
lco_over_ceq,5
lco_over_ceq_d,5
lco_over_icapt_pd,5
lco_over_sale,5
lco_over_emp,5
lco_over_emp_d,5
lco_over_mktcap_d,5
lco_d_over_invt,5
lco_d_over_lct,5
lco_d_over_dltt,5
lco_pd_minus_pd_act,5
lco_pd_minus_pd_sale,5
lco_pd_minus_pd_xsga,5
lcox,5
lcox_over_act_pd,5
lcox_over_invt,5
lcox_over_invt_pd,5
lcox_over_ppent_d,5
lcox_over_lt_d,3
lcox_over_dltt,4
lcox_over_dltt_pd,4
lcox_over_icapt_d,4
lcox_over_sale,4
lcox_over_xsga,4
lcox_over_xsga_pd,4
lcox_over_emp_d,4
lcox_over_mktcap,4
lcox_over_mktcap_d,4
lcox_d_over_invt,4
lcox_d_over_dltt,4
lcox_d_over_cogs,3
lcox_pd_minus_pd_seq,3
lcoxdr_over_dltt,6
lcoxdr_over_dltt_d,6
lcoxdr_over_icapt_pd,20
lcoxdr_over_cogs_d,20
lcoxdr_over_xsga_d,20
lcoxdr_over_emp_d,20
lcoxdr_over_mktcap,20
lcoxdr_d_over_invt,20
lcoxdr_pd_minus_pd_ppent,20
lcoxdr_pd_minus_pd_lt,20
lcoxdr_pd_minus_pd_xsga,20
lifr_over_at_d,20
lifr_over_act_d,20
lifr_over_invt_d,20
lifr_over_ppent_d,20
lifr_over_lct_d,20
lifr_over_dltt_d,20
lifr_over_ceq_d,20
lifr_over_cogs_d,20
lifr_over_emp_d,20
lifr_over_mktcap_d,20
lifr_d_over_icapt,20
lo_over_invt_d,20
lo_over_invt_pd,20
lo_over_dltt,20
lo_over_dltt_pd,20
lo_over_icapt_pd,20
lo_over_emp_d,20
lo_over_mktcap,20
lo_over_mktcap_pd,20
lo_d_over_dltt,20
lo_d_over_mktcap,20
lo_pd_minus_pd_act,20
lo_pd_minus_pd_ppent,20
lo_pd_minus_pd_lt,20
lo_pd_minus_pd_lct,20
lo_pd_minus_pd_xsga,20
lo_pd_minus_pd_emp,20
loxdr_over_act_d,20
loxdr_over_dltt_d,20
loxdr_over_seq_d,20
loxdr_over_icapt_d,20
loxdr_over_sale_pd,20
loxdr_over_cogs_d,20
loxdr_over_xsga_d,20
loxdr_over_emp_d,20
loxdr_d_over_invt,20
loxdr_pd_minus_pd_lct,20
loxdr_pd_minus_pd_dltt,20
lse_over_invt_d,20
lse_over_lct,20
lse_over_sale_d,20
lse_over_cogs_d,20
lse_pd_minus_pd_mktcap,20
mib_over_act,20
mib_over_act_d,20
mib_over_invt_d,20
mib_over_ppent_d,20
mib_over_lct_d,20
mib_over_seq_d,20
mib_over_icapt_d,20
mib_over_sale_d,20
mib_over_xsga_d,20
mib_over_emp,20
mib_over_emp_d,20
mib_over_mktcap_d,20
mib_d_over_invt,20
mib_d_over_xsga,20
mii_over_act_d,20
mii_over_invt_d,20
mii_over_lt_d,20
mii_over_icapt_d,20
mii_over_cogs_d,20
mii_d_over_invt,20
mrc1_over_lt,4
mrc1_over_icapt_pd,3
mrc1_over_sale_d,3
mrc1_over_cogs_d,3
mrc1_over_emp,3
mrc1_d_over_invt,3
mrc1_d_over_ppent,3
mrc1_d_over_dltt,3
mrc1_pd_minus_pd_ppent,3
mrc1_pd_minus_pd_dltt,3
mrc1_pd_minus_pd_xsga,3
mrc2_over_invt_d,4
mrc2_over_lt_d,4
mrc2_over_sale_d,3
mrc2_over_cogs_d,6
mrc2_over_mktcap_pd,6
mrc2_d_over_dltt,3
mrc2_d_over_xsga,3
mrc2_pd_minus_pd_at,3
mrc2_pd_minus_pd_ppent,3
mrc2_pd_minus_pd_lct,3
mrc2_pd_minus_pd_seq,6
mrc2_pd_minus_pd_emp,6
mrc3_over_dltt_pd,6
mrc3_over_xsga,3
mrc3_over_xsga_pd,3
mrc3_over_emp,3
mrc3_over_mktcap_pd,3
mrc3_d_over_invt,3
mrc3_d_over_ppent,3
mrc3_pd_minus_pd_lt,3
mrc3_pd_minus_pd_lct,3
mrc3_pd_minus_pd_seq,3
mrc3_pd_minus_pd_sale,3
mrc3_pd_minus_pd_emp,4
mrc4_over_invt,4
mrc4_over_ppent,4
mrc4_over_seq_d,4
mrc4_over_sale,3
mrc4_over_xsga_d,3
mrc4_over_mktcap,4
mrc4_over_mktcap_pd,3
mrc4_d_over_invt,5
mrc4_d_over_dltt,3
mrc4_pd_minus_pd_ppent,3
mrc4_pd_minus_pd_lt,3
mrc4_pd_minus_pd_lct,3
mrc4_pd_minus_pd_emp,2
mrc5_over_invt_d,2
mrc5_over_ppent_d,10
mrc5_over_lt_d,10
mrc5_over_lct_d,10
mrc5_over_dltt_d,10
mrc5_over_ceq,10
mrc5_over_ceq_d,10
mrc5_over_cogs_d,10
mrc5_over_xsga,10
mrc5_over_xsga_d,10
mrc5_over_emp,10
mrc5_d_over_xsga,10
mrc5_pd_minus_pd_ppent,10
mrc5_pd_minus_pd_lt,10
mrc5_pd_minus_pd_dltt,10
mrc5_pd_minus_pd_ceq,10
mrc5_pd_minus_pd_xsga,10
mrct_over_act,10
mrct_over_dltt,2
mrct_over_ceq_pd,2
mrct_pd_minus_pd_invt,4
msa_over_ppent_d,4
msa_over_dltt_d,4
msa_over_mktcap_d,4
msa_d_over_invt,4
msa_d_over_dltt,4
msa_d_over_xsga,4
niadj_pd,4
niadj_over_at_d,4
niadj_over_invt_d,4
niadj_over_invt_pd,4
niadj_over_ppent_d,4
niadj_over_lt_d,4
niadj_over_sale_d,4
niadj_over_mktcap_pd,8
niadj_d_over_invt,7
niadj_d_over_ppent,7
nopi_pd,13
nopi_over_invt_d,13
nopi_over_invt_pd,13
nopi_over_ppent,7
nopi_over_dltt,7
nopi_over_dltt_d,7
nopi_over_ceq_d,7
nopi_over_sale,7
nopi_over_xsga,7
nopi_over_xsga_d,7
nopi_over_mktcap,7
nopi_d_over_invt,13
nopi_d_over_dltt,13
nopi_d_over_mktcap,13
nopi_pd_minus_pd_dltt,13
nopi_pd_minus_pd_ceq,13
nopi_pd_minus_pd_mktcap,13
nopio_over_invt,13
nopio_over_dltt_d,7
nopio_over_mktcap_d,7
nopio_d_over_invt,7
nopio_d_over_dltt,7
np_over_lt_d,7
np_over_dltt_d,7
np_over_seq_d,7
np_over_xsga_d,7
np_over_mktcap,7
np_d_over_dltt,7
oancf_over_at_d,7
oancf_over_invt_d,7
oancf_over_invt_pd,7
oancf_over_ppent,7
oancf_over_ppent_d,7
oancf_over_lt_d,7
oancf_over_dltt_pd,7
oancf_over_ceq_d,7
oancf_over_cogs_d,7
oancf_over_xsga_d,7
oancf_over_emp_d,7
oancf_d_over_invt,7
oancf_d_over_dltt,7
oiadp_over_act,8
oiadp_over_lct_pd,8
oiadp_over_mktcap_pd,8
oiadp_pd_minus_pd_act,8
oiadp_pd_minus_pd_dltt,8
oiadp_pd_minus_pd_seq,8
oibdp_d_over_emp,9
oibdp_pd_minus_pd_lt,9
pi_over_emp,10
pi_pd_minus_pd_mktcap,9
pidom_over_mktcap,9
pifo,9
pifo_over_mktcap,9
ppegt_pd,9
ppegt_over_ppent,9
ppegt_over_icapt,9
ppegt_over_cogs_d,9
ppeveb_over_at_d,13
ppeveb_over_act_d,9
ppeveb_over_invt_d,9
ppeveb_over_lt_pd,9
ppeveb_over_lct_pd,9
ppeveb_d_over_invt,9
prstkc_over_invt,9
prstkc_over_dltt,9
prstkc_over_dltt_d,9
prstkc_over_mktcap_d,10
prstkc_d_over_invt,9
prstkc_d_over_dltt,9
pstk_over_seq_d,9
pstk_over_mktcap_d,9
pstk_d_over_invt,9
pstkc_over_act_d,9
pstkc_over_invt,9
pstkc_over_ppent_d,9
pstkc_over_lt_d,9
pstkc_over_dltt_d,9
pstkc_over_ceq,8
pstkc_over_seq_d,8
pstkc_over_icapt_d,8
pstkc_over_cogs_d,8
pstkc_over_xsga,8
pstkc_over_xsga_d,8
pstkc_over_emp_d,11
pstkc_d_over_invt,11
pstkl_over_at_d,11
pstkl_over_ppent_d,8
pstkl_over_lt_d,8
pstkl_over_lct_d,11
pstkl_over_dltt_d,11
pstkl_over_ceq_d,13
pstkl_over_cogs_d,13
pstkl_over_xsga_d,11
pstkn_over_act_d,14
pstkn_over_invt_d,14
pstkn_over_ppent,14
pstkn_over_ppent_d,11
pstkn_over_lt_d,11
pstkn_over_lct_d,11
pstkn_over_ceq_d,11
pstkn_over_icapt_d,11
pstkn_over_sale_d,11
pstkn_over_cogs_d,11
pstkn_over_xsga_d,11
pstkn_over_emp_d,11
pstkn_d_over_mktcap,11
pstkr_over_invt_d,11
pstkr_over_lct_d,8
pstkr_over_dltt,7
pstkr_over_cogs_d,14
pstkr_over_emp_d,14
pstkr_over_mktcap_d,14
pstkr_d_over_invt,14
pstkr_d_over_ceq,14
pstkrv_over_invt,14
pstkrv_over_invt_d,14
pstkrv_over_dltt,14
pstkrv_over_sale,14
pstkrv_over_xsga,14
pstkrv_d_over_invt,14
rdip_over_invt,14
rdip_over_invt_d,14
rdip_over_ppent_d,7
rdip_over_dltt,9
rdip_over_xsga,9
re_over_act_d,9
re_over_ppent_pd,9
re_over_lct_d,9
re_over_lct_pd,12
re_over_seq_d,12
re_over_seq_pd,12
re_over_icapt_d,9
re_over_icapt_pd,9
re_over_cogs_d,9
re_over_emp_d,9
re_d_over_invt,9
re_d_over_dltt,9
re_pd_minus_pd_lt,9
re_pd_minus_pd_cogs,9
re_pd_minus_pd_xsga,9
rea_over_invt,9
rea_over_dltt,7
rea_d_over_sale,9
reajo_over_invt_d,12
reajo_over_lct_d,9
reajo_over_dltt_d,12
reajo_over_seq_d,12
reajo_over_mktcap,12
reajo_over_mktcap_d,12
reajo_d_over_seq,12
recch_over_invt,12
recch_over_dltt,12
recch_d_over_invt,12
recch_d_over_dltt,12
recch_d_over_cogs,12
recco_over_invt,12
recco_over_invt_d,12
recco_over_ppent_d,12
recco_over_lt_d,12
recco_over_lct_d,12
recco_over_dltt,12
recco_over_dltt_d,12
recco_over_seq_d,12
recco_over_sale,9
recco_over_xsga_d,9
recco_d_over_invt,9
recd,9
recd_over_invt,9
recd_over_invt_d,9
recd_over_ppent,9
recd_over_ppent_d,9
recd_over_lct_pd,9
recd_over_dltt,9
recd_over_dltt_d,9
recd_over_icapt_pd,9
recd_over_sale_d,9
recd_over_xsga,11
recd_over_emp,9
recd_over_emp_d,11
recd_over_mktcap_pd,11
recd_d_over_invt,11
recd_d_over_dltt,11
recd_pd_minus_pd_dltt,11
rect_over_ppent,11
rect_over_lt_d,11
rect_over_lct_d,11
rect_over_ceq_d,11
rect_over_icapt_d,11
rect_over_mktcap,12
rect_over_mktcap_d,11
rect_pd_minus_pd_invt,12
recta_over_at_d,12
recta_over_invt_d,12
recta_over_dltt_d,12
recta_d_over_invt,14
recta_d_over_dltt,14
rectr,12
rectr_over_act,12
rectr_over_invt_d,12
rectr_over_dltt,12
rectr_over_dltt_d,15
rectr_over_icapt_pd,15
rectr_over_sale_d,15
rectr_over_cogs_d,12
rectr_over_xsga_d,12
rectr_d_over_invt,12
rectr_d_over_dltt,12
rectr_d_over_sale,12
rectr_pd_minus_pd_lt,12
reuna_pd,12
reuna_over_invt,12
reuna_over_invt_d,12
reuna_over_ppent,12
reuna_over_dltt_d,12
reuna_d_over_lct,12
reuna_pd_minus_pd_at,12
reuna_pd_minus_pd_ceq,12
reuna_pd_minus_pd_mktcap,12
revt_over_at,12
revt_over_act_pd,12
revt_over_ceq_pd,12
siv_over_invt,12
siv_over_invt_d,12
siv_over_lct_d,12
siv_over_dltt,12
siv_over_dltt_d,12
siv_over_xsga,12
siv_over_xsga_d,12
siv_over_emp_d,12
siv_over_mktcap_d,12
siv_d_over_dltt,12
spi_over_invt,13
spi_over_dltt,13
spi_over_seq_d,13
spi_d_over_invt,13
sppiv_over_dltt_d,13
sstk_over_invt,13
sstk_over_invt_d,13
sstk_over_invt_pd,13
sstk_over_ppent,13
sstk_over_dltt_pd,13
sstk_d_over_lt,13
tlcf,13
tlcf_pd,13
tlcf_over_act_pd,12
tlcf_over_invt,12
tlcf_over_ppent,12
tlcf_over_ppent_d,12
tlcf_over_ppent_pd,12
tlcf_over_dltt_d,12
tlcf_over_cogs_d,12
tlcf_over_cogs_pd,12
tlcf_over_xsga,12
tlcf_over_xsga_d,12
tlcf_over_emp_d,15
tlcf_over_mktcap_pd,15
tlcf_pd_minus_pd_lt,15
tstk_over_invt,15
tstk_over_invt_d,15
tstk_over_sale_d,15
tstk_over_mktcap_d,15
tstkc_over_act_d,15
tstkc_over_dltt,15
tstkc_over_dltt_d,15
tstkc_over_ceq_d,15
tstkc_over_icapt_d,15
tstkc_over_emp_d,15
tstkp,15
tstkp_over_at_d,15
tstkp_over_act,15
tstkp_over_act_d,12
tstkp_over_invt_d,12
tstkp_over_ppent_d,12
tstkp_over_lt,12
tstkp_over_dltt_d,12
tstkp_over_ceq_d,12
tstkp_over_seq,12
tstkp_over_icapt,12
tstkp_over_sale,13
tstkp_over_sale_d,13
tstkp_over_cogs_d,13
tstkp_over_xsga_d,13
tstkp_over_emp,13
tstkp_over_mktcap_d,13
tstkp_d_over_invt,13
tstkp_d_over_dltt,13
tstkp_d_over_ceq,13
tstkp_d_over_xsga,13
txach_over_mktcap,13
txach_d_over_mktcap,13
txbco_over_sale,13
txbco_over_mktcap_d,13
txbco_d_over_invt,13
txbco_d_over_dltt,13
txc_over_invt_d,13
txc_over_lt_d,14
txc_over_dltt_d,14
txc_over_seq_d,14
txc_over_emp,14
txc_over_mktcap_d,14
txc_d_over_mktcap,14
txc_pd_minus_pd_invt,14
txc_pd_minus_pd_lct,13
txc_pd_minus_pd_dltt,13
txc_pd_minus_pd_seq,13
txc_pd_minus_pd_mktcap,13
txdb_over_invt,13
txdb_over_ppent_d,13
txdb_over_dltt_d,13
txdb_pd_minus_pd_seq,13
txdba_over_invt_d,13
txdba_over_lct_d,13
txdba_over_dltt,13
txdba_over_dltt_d,13
txdba_over_seq_d,13
txdba_over_cogs_d,13
txdba_over_xsga,13
txdba_over_mktcap_d,13
txdba_d_over_mktcap,13
txdbca,11
txdbca_over_act_d,11
txdbca_over_invt_d,11
txdbca_over_ppent_d,11
txdbca_over_lt_d,11
txdbca_over_lct_d,16
txdbca_over_dltt,16
txdbca_over_dltt_d,16
txdbca_over_icapt_d,16
txdbca_over_cogs_d,16
txdbca_over_xsga,16
txdbca_over_xsga_d,16
txdbca_over_emp,16
txdbca_over_mktcap,16
txdbca_over_mktcap_d,16
txdbca_d_over_act,16
txdbcl_over_invt,16
txdbcl_over_dltt_d,16
txdbcl_over_sale_d,16
txdbcl_over_xsga,16
txdbcl_over_mktcap,16
txdbcl_over_mktcap_d,16
txdbcl_d_over_dltt,16
txdc_over_invt_d,16
txdc_over_lct_d,16
txdc_over_dltt,16
txdc_over_mktcap,16
txdc_d_over_dltt,16
txdfed_over_act_d,16
txdfed_over_dltt,16
txdfed_over_dltt_d,16
txdfed_d_over_invt,16
txdfed_d_over_dltt,16
txdfo_d_over_dltt,16
txdi_over_dltt_d,16
txdi_d_over_invt,16
txdi_d_over_dltt,16
txditc_over_act_d,16
txditc_over_invt_d,17
txditc_over_lct_d,17
txditc_over_dltt,17
txditc_over_cogs_d,17
txditc_over_cogs_pd,17
txditc_over_xsga_d,17
txditc_over_emp_d,17
txditc_pd_minus_pd_act,17
txds_over_invt_d,17
txds_over_dltt,17
txds_over_dltt_d,17
txds_d_over_dltt,17
txfed_over_dltt,17
txfed_over_xsga_d,17
txfed_over_emp_d,17
txfed_d_over_invt,17
txfed_d_over_dltt,17
txfed_pd_minus_pd_at,17
txfo_over_at_d,17
txfo_over_invt_d,17
txfo_over_dltt,17
txfo_over_dltt_d,17
txfo_over_mktcap,17
txfo_over_mktcap_d,17
txfo_d_over_dltt,17
txfo_d_over_emp,17
txndb_over_act_d,17
txndb_over_invt_d,17
txndb_over_lt_d,17
txndb_over_lct_d,17
txndb_over_dltt,17
txndb_over_dltt_d,17
txndb_over_seq_d,17
txndb_over_cogs_d,17
txndb_over_xsga_d,17
txndb_over_mktcap_d,18
txndb_d_over_dltt,18
txndba,18
txndba_over_at_d,18
txndba_over_act_pd,18
txndba_over_invt_d,18
txndba_over_ppent,18
txndba_over_lt_pd,18
txndba_over_dltt,18
txndba_over_dltt_d,18
txndba_over_seq_pd,18
txndba_over_emp_pd,18
txndba_over_mktcap_d,18
txndba_d_over_invt,18
txndba_d_over_dltt,18
txndba_pd_minus_pd_lct,18
txndba_pd_minus_pd_cogs,18
txndba_pd_minus_pd_xsga,18
txndba_pd_minus_pd_mktcap,18
txndbl,18
txndbl_pd,18
txndbl_over_invt,19
txndbl_over_invt_d,19
txndbl_over_invt_pd,19
txndbl_over_ppent,19
txndbl_over_ppent_pd,19
txndbl_over_lt_pd,19
txndbl_over_lct_pd,19
txndbl_over_dltt_pd,19
txndbl_over_ceq_pd,19
txndbl_over_icapt_pd,19
txndbl_over_sale_d,19
txndbl_over_cogs_pd,19
txndbl_over_xsga,19
txndbl_over_xsga_pd,19
txndbl_over_emp_d,19
txndbl_over_mktcap,18
txndbl_over_mktcap_d,18
txndbl_d_over_invt,18
txndbl_d_over_dltt,19
txndbl_pd_minus_pd_act,19
txndbl_pd_minus_pd_mktcap,18
txndbr_over_act_d,18
txndbr_over_invt,18
txndbr_over_lct_d,18
txndbr_over_icapt_d,17
txndbr_over_mktcap_d,18
txndbr_d_over_dltt,18
txo_over_dltt_d,18
txo_d_over_invt,18
txp_over_act,18
txp_over_invt,18
txp_over_invt_d,18
txp_over_dltt,17
txp_over_dltt_d,16
txp_over_seq_d,16
txp_d_over_xsga,16
txpd_over_invt_d,8
txpd_over_dltt,8
txpd_over_dltt_d,14
txpd_over_cogs,14
txpd_over_xsga,14
txpd_over_xsga_d,14
txpd_over_emp_d,14
txpd_d_over_ppent,14
txpd_d_over_dltt,14
txpd_pd_minus_pd_invt,14
txpd_pd_minus_pd_dltt,14
txpd_pd_minus_pd_icapt,14
txpd_pd_minus_pd_mktcap,14
txr_over_invt,14
txr_over_invt_d,14
txr_over_seq,14
txr_over_mktcap_d,14
txs_over_invt,14
txs_over_invt_d,14
txs_over_lt_d,14
txs_over_dltt,14
txs_over_dltt_d,14
txs_over_mktcap,14
txs_d_over_dltt,11
txs_d_over_mktcap,8
txs_pd_minus_pd_dltt,8
txs_pd_minus_pd_mktcap,8
txt,8
txt_over_invt_d,8
txt_over_dltt,8
txt_over_dltt_d,8
txt_over_dltt_pd,14
txt_over_xsga,8
txt_over_emp,8
txt_over_mktcap,8
txt_over_mktcap_pd,8
txt_d_over_invt,8
txt_d_over_dltt,8
txt_d_over_mktcap,8
txt_pd_minus_pd_invt,8
txt_pd_minus_pd_seq,8
txw_over_act_d,8
txw_over_invt,8
txw_over_invt_d,5
txw_over_lt_d,8
txw_over_lct_d,8
txw_over_dltt,8
txw_over_dltt_d,8
txw_over_icapt_d,8
txw_over_sale_d,8
txw_over_xsga,8
txw_over_xsga_d,8
txw_over_emp_d,8
txw_over_mktcap,8
txw_over_mktcap_d,8
wcap_over_invt,10
wcap_over_ppent,10
wcap_over_ppent_d,10
wcap_over_dltt,10
wcap_over_dltt_d,10
wcap_over_dltt_pd,10
wcap_over_sale,10
wcap_over_cogs_d,10
wcap_over_xsga,10
wcap_over_xsga_d,10
wcap_over_mktcap,10
wcap_over_mktcap_pd,10
wcap_d_over_act,10
wcap_d_over_invt,10
wcap_d_over_dltt,10
wcap_pd_minus_pd_ppent,8
wcap_pd_minus_pd_lt,8
wcap_pd_minus_pd_cogs,8
xacc_over_act,10
xacc_over_invt,10
xacc_over_invt_d,10
xacc_over_ppent,8
xacc_over_lt,8
xacc_over_lct_d,8
xacc_over_dltt_pd,8
xacc_over_icapt_pd,8
xacc_over_sale,8
xacc_over_cogs,8
xacc_over_xsga,8
xacc_over_emp,5
xacc_d_over_invt,5
xacc_d_over_mktcap,6
xacc_pd_minus_pd_act,6
xacc_pd_minus_pd_sale,6
xacc_pd_minus_pd_xsga,6
xacc_pd_minus_pd_emp,6
xi_over_xsga,6
xi_over_mktcap,6
xido_over_invt,6
xido_over_icapt_d,6
xido_over_xsga,6
xidoc_over_cogs,5
xidoc_d_over_invt,6
xint,3
xint_over_act_d,3
xint_over_invt_d,5
xint_over_lct_d,5
xint_over_dltt,5
xint_over_dltt_pd,5
xint_over_ceq_d,5
xint_over_sale_d,3
xint_over_xsga,3
xint_over_emp,3
xint_d_over_invt,3
xint_d_over_dltt,3
xint_pd_minus_pd_act,3
xint_pd_minus_pd_ppent,4
xint_pd_minus_pd_lt,4
xint_pd_minus_pd_lct,6
xint_pd_minus_pd_icapt,6
xint_pd_minus_pd_sale,6
xint_pd_minus_pd_xsga,6
xint_pd_minus_pd_emp,4
xopr_over_ppent,4
xopr_over_lt_pd,4
xopr_over_lct,4
xopr_over_lct_pd,6
xopr_over_dltt_pd,6
xopr_over_cogs,4
xopr_over_emp,4
xopr_over_emp_d,4
xopr_d_over_ppent,4
xopr_d_over_lct,4
xopr_d_over_dltt,4
xopr_d_over_seq,4
xopr_d_over_emp,4
xopr_pd_minus_pd_at,4
xopr_pd_minus_pd_act,4
xopr_pd_minus_pd_ppent,4
xopr_pd_minus_pd_seq,4
xpr_pd,4
xpr_over_act_d,4
xpr_over_lct_d,3
xpr_over_dltt,3
xpr_pd_minus_pd_xsga,2
xrd,2
xrd_over_ppent_d,2
xrd_over_lct_d,2
xrd_over_sale,2
xrd_over_sale_d,2
xrd_over_cogs_d,2
xrd_over_xsga_d,2
xrent_pd_minus_pd_ppent,17
xrent_pd_minus_pd_lt,18
xrent_pd_minus_pd_xsga,18
xrent_pd_minus_pd_emp,19
